Character,Word,Subword-BPE
57230,10277,11381
43547,7314,7767
17387,3253,3656
7703,1197,1362
2913,797,975
424,85,91
40804,7181,8058
4524,890,1074
49206,8273,9075
16099,2536,2928
28585,4798,5353
62709,10569,11643
88768,14308,15305
45243,8093,8636
24390,4251,4357
18550,2970,4115
44511,7610,8047
9263,1671,1795
13720,2042,2561
4171,585,739
52656,10134,11506
38211,8476,9829
19583,3162,3785
4337,743,888
300,49,61
5911,929,1077
35566,6394,7487
30452,6306,7112
22020,3861,4136
16836,2705,3221
500,93,113
21822,5248,5832
46699,7987,9133
30147,5814,6732
22085,5206,5611
38502,6249,7059
11585,1785,2072
33988,7135,7827
12628,2115,2395
18427,3703,4369
2888,636,692
92663,17027,19126
7476,1302,1453
7869,1277,1832
756,169,175
1303,195,218
828,162,164
305,59,64
662,103,133
752,128,152
1896,263,332
35154,6031,6408
18649,3271,3393
12359,2202,2377
20231,3468,3839
52591,8639,9399
21099,3525,3806
6283,1104,1148
1468,197,242
24684,4332,4500
13095,2294,2573
9745,2128,2370
5142,1269,1487
7097,1472,1861
8147,1301,1471
88357,18088,20182
20792,4325,4775
9297,2189,2592
5443,1109,1369
7572,1666,1882
3547,672,783
13746,2838,3136
60522,9502,10405
15249,2513,2644
661,107,118
98554,18953,20847
15257,2874,3177
14998,2749,3078
7983,1492,1642
8838,1510,1715
320,56,74
66188,10850,12323
1566,376,415
7979,1708,1995
36960,7819,8888
4137,901,1043
68141,12205,13189
44790,7779,8601
509,107,119
3483,683,716
1840,393,515
6380,1310,1454
2458,468,604
458,88,132
4952,1550,1786
768,192,232
63015,18265,21199
11718,2617,2941
173,39,51
217,35,65
69308,19447,22425
13247,2976,3346
6262,1207,1475
16238,3496,3854
52936,11905,13011
5103,1049,1334
4328,674,715
11556,1935,2244
761,119,148
22167,3358,3850
11805,2028,2484
7603,1117,1277
7699,1377,1722
14245,2446,2925
7937,1395,1722
6283,1026,1230
7855,1525,1852
19020,2981,3606
179,30,44
9470,1647,1835
79,20,20
5535,895,1035
2218,406,413
557,78,83
33197,5637,6027
11432,2051,2225
20285,3843,4296
43663,8657,9471
1637,351,377
61407,10038,11299
79,20,20
34615,5883,6512
41212,7912,8881
35309,6470,7242
448,105,120
1684,374,439
155867,29980,32264
67884,12894,13740
7603,1324,1457
5018,571,754
92534,18598,20327
89854,16892,18624
40742,6268,7010
101605,17017,21025
134132,30243,32429
65757,13972,15635
53061,10163,11858
26252,5753,6275
98138,23164,24991
60891,10386,12006
14994,3011,3675
17363,2822,3063
15101,2624,2802
79,20,20
34959,5403,5714
26469,4311,4559
14706,2386,2588
19314,3601,3875
4327,850,914
26401,4679,5052
13487,2717,2999
30309,5389,5827
6007,1102,1212
30032,4708,5335
5163,745,886
3647,726,873
17980,3322,3906
1509,198,285
45468,8929,10025
10320,1968,2470
12269,2875,3290
1719,432,486
19629,4432,5143
91022,14907,16102
43135,7761,8870
596,89,105
5157,1156,1363
1750,339,468
14489,2842,3346
25480,5869,6805
1462,285,341
1483,349,384
130366,27829,31237
19374,3594,4248
29370,5552,6160
13972,2375,2544
1278,192,258
40794,7330,7907
9097,1496,1635
36429,5837,7079
7516,1802,2074
22422,4060,4712
1587,340,390
11455,2601,3144
38369,6738,8854
42,7,11
198,40,47
312,62,69
34,5,6
18194,4091,4584
2072,424,464
986,207,223
872,242,311
607,126,128
1845,427,478
744,161,181
10130,1607,1707
6400,1448,1633
33336,6047,7188
4669,1256,1349
4498,846,1035
38,9,10
6882,1623,1768
18988,4168,4497
714,194,258
605,130,132
6517,1217,1550
1050,222,252
10795,1707,1781
5666,1307,1496
1903,499,540
108,25,27
4560,1086,1215
641,127,147
11896,1884,1991
33803,7806,8579
333,71,95
2140,468,532
685,138,158
12242,1985,2125
10432,2179,2431
14681,3218,3484
3163,699,741
12833,2742,3190
13392,2622,2943
1356,244,337
6638,1428,1601
8975,1858,2043
15555,3258,3613
8271,1817,1939
6288,1279,1372
3045,816,913
4581,977,1045
340,45,73
37397,6801,7849
20043,4007,4577
715,126,151
2170,415,517
36,9,10
1803,204,294
1023,207,221
5549,1289,1426
1348,362,382
11284,2566,2794
411,66,88
681,152,164
3064,687,760
1993,457,497
2794,662,728
1450,352,449
1491,348,385
1479,271,283
16133,3156,3957
2922,569,870
23691,4229,5121
16333,2803,3094
15281,2728,3028
17986,3065,3214
7483,1232,1350
1524,225,276
33410,6164,6815
34215,5616,6674
78693,13644,14641
81635,15716,17625
26568,5061,5543
22643,3983,4504
11748,2055,2219
12216,2500,2806
16897,3345,3666
15916,3472,3802
31546,6158,6769
41613,8542,9581
7544,1628,1786
4032,873,1034
16308,3025,3554
21023,4222,4616
32808,7214,7964
18502,3252,4026
11590,1959,2034
210003,35789,39764
6582,1153,1233
71257,11886,13199
10029,1758,1903
1485,272,321
19905,3869,4665
5004,976,1068
5457,1098,1241
15136,2411,2844
48233,9006,10124
8102,1247,1476
1223,204,212
15666,2947,3625
2431,455,511
2395,375,448
13692,2414,2627
28596,4939,5440
24036,4559,5016
24891,5526,6027
112248,19936,21834
8743,1437,1649
10934,2019,2191
1735,267,297
17520,2912,3255
2586,426,498
9353,1715,1869
2972,627,663
1233,221,257
1501,282,292
55297,9533,10895
611,94,118
3798,693,783
2175,406,471
51778,10033,11175
2945,527,592
21357,4178,4556
3489,628,703
5714,1056,1156
11770,2152,2441
7968,2044,2601
1155,168,282
20323,3647,4152
12957,3118,3337
2262,395,483
2371,396,485
2930,535,629
37643,7952,9052
1355,322,368
16662,2753,2944
709,152,169
4801,826,951
27769,4718,5245
1036,163,207
1846,391,454
16107,3150,3673
1740,294,391
1820,405,462
537,115,120
63256,9915,11949
1772,384,452
6051,1122,1438
7149,1386,1648
7589,1306,1474
5895,1163,1327
813,152,166
665,136,158
2516,532,754
25574,5439,6172
8257,2024,2130
2008,380,512
2107,318,408
23777,5440,5922
6709,1725,2059
8351,1861,2045
489,92,103
3047,520,567
88056,17651,19705
35663,6979,7873
33390,5473,6537
6501,1260,1515
2226,539,631
1361,303,356
20497,4151,4557
24474,4498,5077
41119,8585,10014
735,151,180
55206,8431,9700
79,20,20
21097,3370,4065
6113,1140,1546
2654,444,550
79,20,20
6412,1022,1190
4521,749,944
2413,347,517
5177,811,1043
5918,990,1273
5803,1348,1587
8346,1593,1898
7905,1527,1888
22022,3829,4653
50999,8433,9466
1671,231,269
20409,3557,3819
68455,10736,12028
16964,2757,2947
27088,4546,5012
35348,6596,7097
130760,23465,25639
6820,1240,1402
19269,3784,4088
30306,6045,6766
47552,9690,10757
109048,22555,25206
83775,18609,20385
32738,6836,7420
21133,4659,5038
82531,13706,15514
22134,4021,4607
45157,8134,9286
26062,4175,5023
1675,245,346
2439,418,447
20329,3644,4071
19608,3249,3681
49491,8702,9550
20752,3640,3964
31014,5421,6134
20733,3803,4134
1965,365,455
8606,1695,2015
33144,6311,7360
20336,3968,4658
5567,1214,1365
11898,2339,2618
9154,1755,2011
880,169,188
7196,1596,1851
25431,5718,7055
49197,9694,10813
17093,3689,4068
11828,2340,2590
41786,7214,8536
79,20,20
2065,410,489
271,54,65
37009,7090,7860
23601,5184,6826
42890,7144,7784
376,67,74
38455,6280,7216
14967,2407,2852
7217,1521,1647
17540,4674,5166
3361,648,754
65814,14164,15443
162,33,34
4987,813,832
6811,1108,1188
1880,356,456
33394,5334,6115
21158,3476,3807
306,49,57
35904,6268,6833
1178,219,232
17040,2791,3261
56034,10026,11719
29065,5267,5928
120711,21913,23464
39398,7459,8177
94072,15890,17217
104696,18504,19602
12350,2279,2580
31048,5783,6229
83080,15501,16663
12752,2449,2692
10552,1951,2131
2766,398,489
7593,1329,1381
39958,7048,7569
15719,2711,3136
108707,19775,21451
21164,3681,3931
25710,4010,4610
343,55,68
46078,8219,8792
67199,12134,13829
3027,694,778
50638,10433,11438
79,20,20
9749,1813,1972
16794,3052,3572
9344,1900,2169
17912,3517,4004
25872,5029,5578
31219,6203,7168
117708,24104,26371
11933,2707,3002
9938,2261,2720
74756,16702,18043
7615,1556,1805
10689,2493,2718
29667,6495,7399
11817,2541,2751
2608,602,637
12983,2917,3114
95558,20236,22056
65569,14394,15940
21808,3765,4217
481,75,93
20223,3221,3432
9889,2396,2673
13794,2429,2779
85310,15936,17542
39387,6728,7542
401,61,64
28281,4844,5478
11928,2375,2676
30834,6459,7328
14492,2966,3377
1571,310,362
33011,5344,5659
48860,7829,8656
112741,21043,22616
2864,392,461
95807,16622,18153
34606,5679,5998
85371,13973,15403
31684,6116,7001
75308,16604,18701
641,131,134
18456,3265,3672
107345,20474,22920
92952,17173,19238
23816,4021,4485
22681,4195,5235
7237,1281,1560
77213,15169,16403
19348,3317,3882
12055,2260,3145
54126,9567,11026
43020,7516,8595
5391,768,1109
20867,3753,4318
9382,1815,2407
8118,1410,1801
13865,2498,3004
20969,4062,4377
6072,1106,1323
79,20,20
4392,748,924
7798,1464,1839
23972,4985,5426
25113,4490,5854
9612,1531,1965
2343,447,586
5340,983,1228
20222,4414,5190
2601,450,594
56880,9778,12658
1369,224,309
919,178,216
1757,341,432
79,20,20
79,20,20
13974,2311,2438
40796,7673,8481
4688,825,892
9799,1632,1751
37175,6205,6643
1316,186,236
19084,3165,3365
20016,3834,4251
32507,6765,7638
2640,536,598
25995,5410,5912
23585,4457,4822
4832,1040,1151
3139,730,806
10906,2008,2217
9852,2278,2524
23680,4508,5251
77447,13435,15083
499,83,99
16065,2744,2918
5725,1024,1182
7909,1452,1599
13183,2887,3523
53176,10061,12416
8256,1765,1982
5734,1252,1537
30945,5946,6610
30244,5232,5891
6381,1072,1180
43913,7797,8885
735,118,162
30431,5184,5808
15833,2720,2929
12050,2357,2605
9503,2291,2740
1980,416,502
37630,7160,8439
5772,1175,1284
19994,3750,4306
24517,4116,4541
52904,8453,9113
25222,4358,4602
119902,19915,21217
43504,7081,7515
10604,1701,1838
86407,14336,15406
39740,6575,7066
1518,194,224
2589,425,467
9191,1526,1675
33397,5439,6097
20710,3867,4447
57958,11660,13387
13637,2764,3041
3667,614,706
66700,13263,14754
27269,5507,6103
38900,6832,7420
3042,488,558
5122,776,922
32849,4822,5854
5571,851,1136
16462,2712,3008
246,47,54
92657,14096,15763
38639,6530,7477
63623,12601,14035
7933,1393,1638
23153,4276,4881
6319,1231,1490
10109,1862,2086
16937,3118,3576
20414,4229,4869
8681,1449,1902
7487,1472,1651
830,116,148
64059,10892,11931
5032,986,1067
56086,10994,12544
663,146,188
3762,764,1032
1889,414,521
790,155,195
49353,5461,6555
39320,7313,9982
5641,926,1201
455,91,116
671,112,146
1616,263,383
2446,480,655
428,92,114
31189,10014,13218
8117,1569,2181
2327,342,435
1666,379,493
2701,505,622
1891,306,421
2373,404,537
3547,607,789
2607,432,475
1539,354,370
2709,492,545
3177,657,717
3616,662,709
3056,715,808
11349,2108,2450
1445,302,334
5248,1371,1541
3714,864,952
2633,461,487
2070,469,503
3332,661,696
4756,1018,1287
1951,365,413
6763,1009,1147
2590,513,565
7845,1507,1678
7643,1556,1759
4463,813,941
4628,977,1061
2779,584,643
4147,849,918
4272,920,1054
1194,252,275
3492,718,778
2466,607,666
1888,393,421
2884,656,736
2409,503,551
2176,424,467
8336,1813,2004
2128,533,578
2174,551,602
2647,523,583
12718,2759,3079
1515,363,378
7476,1661,1831
17512,3442,3955
16441,3205,3605
15051,3023,3473
10351,1982,2245
8442,1636,1908
27896,5906,6797
22889,4611,5329
7299,1398,1772
5443,1149,1238
1746,357,413
4676,950,1100
5351,1061,1289
11461,2221,2413
11284,2337,2674
6389,1194,1366
4822,892,968
6475,1265,1392
8527,1663,1880
11546,1919,2199
7864,1584,1724
9226,1796,2037
10451,1932,2143
7818,1438,1581
8978,1840,2055
9070,1625,1794
8254,1632,1856
2489,501,535
4684,968,1055
9982,2095,2238
4461,1133,1233
8835,1632,1822
7873,1611,1816
4944,993,1093
4557,911,954
3125,589,668
8178,1767,2152
3023,703,805
6582,1395,1679
4988,1089,1186
5277,1052,1217
4109,934,1060
3431,701,807
6145,1326,1490
2222,552,630
3318,782,873
2020,444,480
2095,458,510
2354,501,576
6814,1400,1610
10541,2032,2399
4495,867,1042
32518,6346,7469
11145,1976,2378
8061,1640,2033
10564,1846,2193
7770,1588,1957
13491,2755,3380
16319,3284,3976
8268,1904,2393
9596,1870,2118
5226,1112,1272
4897,976,1130
6687,1370,1614
5494,1229,1493
14707,2830,3382
3405,726,776
8174,1396,1629
3197,675,722
7746,1519,1700
4582,1009,1257
10283,2055,2294
7368,1437,1614
6332,1205,1316
3583,847,950
3785,870,990
6520,1298,1498
3472,970,1098
4794,1075,1208
2261,486,553
3731,883,1000
6855,1558,1785
4340,880,972
8690,1674,1868
1580,374,411
5978,1132,1305
1249,266,300
2724,612,648
1722,298,348
4082,857,958
5242,962,1079
4106,861,1018
6606,1471,1726
1745,363,426
2363,453,543
4052,764,885
2060,414,457
8575,1522,1693
3876,759,904
9937,2284,2483
2754,529,593
4848,1280,1428
7006,1553,1673
6208,1092,1220
8147,1513,1867
3929,718,786
6162,1399,1551
1599,405,435
5875,1217,1416
3636,784,854
3283,749,823
5567,1230,1355
4604,1064,1157
23675,4691,5753
1668,446,470
3184,688,801
2306,542,608
3006,674,812
6148,1374,1574
9417,2090,2290
7121,1461,1658
3866,759,965
5514,1214,1304
2092,440,485
7774,1771,1965
2678,580,620
2137,418,438
11554,2438,2805
1975,475,532
8855,1851,2059
3105,728,811
1278,336,358
2154,461,508
4262,868,969
4795,1095,1213
1428,396,451
1978,489,516
7780,1540,1749
22561,4335,5085
8783,1743,1940
1298,376,416
2957,601,658
3776,887,973
2904,646,702
2087,457,524
2095,541,568
5822,1160,1254
6917,1358,1587
2711,614,672
4089,864,964
4231,841,1001
7287,1479,1641
3197,629,736
13269,2628,2954
8824,1854,2247
2826,786,916
3989,927,1057
7982,1840,1993
8401,1926,2102
5133,1110,1221
6102,1381,1534
2098,500,553
2089,410,465
2870,607,654
6264,1395,1519
9537,1774,1970
3713,712,791
2631,528,550
29785,6003,6944
3911,759,833
4541,960,1134
23067,4976,5864
11503,2289,2459
2858,574,629
15421,3327,3878
6224,1234,1327
7577,1429,1601
4357,931,1054
5839,1184,1359
5453,1139,1291
4645,1014,1154
12012,2382,2741
7400,1318,1525
9098,1816,2047
6912,1463,1613
11367,2235,2498
3216,703,803
1854,365,412
2837,552,603
1722,407,446
3858,811,876
3620,695,758
7436,1438,1630
1708,274,315
7521,1578,1842
3459,640,694
8579,1702,2017
27300,5256,5637
7440,1493,1662
6637,1543,1710
4074,940,1031
5082,985,1096
2564,593,661
6206,1023,1108
2885,604,662
2216,451,490
16907,3312,3899
3907,982,1110
4102,964,1194
7594,1482,1817
4288,977,1095
6004,1478,1741
6473,1237,1360
18569,3395,3673
10645,2038,2358
7742,1526,1816
6416,1167,1339
2689,572,630
8931,1763,2036
3739,850,939
7238,1476,1628
10260,2148,2489
3152,576,678
6680,1232,1456
5259,974,1093
4334,961,1004
10235,2001,2322
13595,2876,3216
3058,701,759
2639,564,671
6087,1263,1355
2733,545,594
16702,3413,4064
7236,1651,1795
3315,689,792
4260,810,866
4952,1133,1276
2624,574,638
13974,2489,2922
11519,2374,2670
4672,954,1066
10759,2693,2999
12177,2405,2717
6044,1185,1344
6195,1298,1551
1598,251,301
5792,913,1297
28179,4931,6244
8116,1458,2164
12033,2158,2616
5460,929,1325
805,178,243
1785,408,515
3036,506,831
5055,1094,1336
817,145,187
5496,1211,1364
1270,317,337
6931,1285,1455
9516,1681,1977
857,192,222
5334,1070,1143
8566,1379,1609
6674,1197,1388
18123,3536,4285
5561,1136,1287
11031,1950,2304
4246,923,1028
3098,595,647
5765,1105,1258
7285,1433,1675
15395,3019,3459
3624,689,781
7745,1580,1786
6416,1231,1446
3968,841,928
9419,1889,2323
1820,382,425
2759,535,604
11247,2023,2235
3121,576,626
3357,676,792
3507,678,749
1243,269,287
3526,772,839
3262,614,727
5416,1054,1235
5814,1059,1225
1920,421,474
2555,502,564
2622,558,589
7431,1145,1364
1479,340,354
4416,883,1000
4428,953,1077
6028,1228,1489
5720,1185,1365
3918,768,854
5191,1156,1229
2406,347,425
1310,256,291
2925,472,534
1140,174,204
7347,1305,1575
49,10,11
2995,393,477
1363,221,247
6606,997,1164
2371,441,512
820,144,168
762,127,152
329,78,84
175,27,34
5801,846,1080
8112,1352,1604
3196,620,729
16833,3116,3782
25100,4144,5117
71919,12111,14218
24348,4223,4751
13853,2300,2801
23778,4341,5059
3885,667,742
44497,8240,9387
13830,2489,2745
13062,2206,2710
63484,11507,13113
4405,874,995
9913,1852,2126
25930,4249,5532
16778,3065,3435
8799,1614,1770
4281,793,920
2736,494,606
1300,227,265
66193,11750,14098
391,70,75
2253,444,459
4892,778,935
27476,5008,5538
10668,2100,2472
1184,212,245
20342,3792,4274
3090,635,691
103019,17461,20325
10850,2061,2233
44147,7415,8560
36228,6193,7563
6251,1197,1596
1153,233,261
4250,702,984
778,155,172
26644,4790,5759
37552,7018,8293
6484,1059,1327
4463,755,860
3776,696,892
3167,569,647
42100,7310,8017
13536,2270,2690
39450,7196,8656
59802,10147,11445
2667,476,617
1153,207,271
3596,647,790
7010,1222,1481
327,61,68
9343,1573,1913
2726,494,618
5250,825,1043
6162,986,1342
4542,840,1022
49290,9349,11280
1954,395,485
1289,258,312
8994,1755,2103
4920,931,1081
21407,3835,4342
190,24,30
3475,653,754
49229,8822,10007
25075,4425,5061
10542,1896,2208
11686,2315,2763
315,52,56
89879,15315,17923
24460,4645,5379
18132,3298,3942
60879,10680,12311
521,88,100
9287,1838,2073
11624,2362,3067
66,11,12
1958,379,430
236,37,40
485,106,115
87,12,15
514,108,112
598,170,173
646,153,156
584,169,170
639,138,150
560,130,140
464,92,106
5721,1235,1443
1289,199,267
81,13,13
366,78,83
1549,301,331
1071,195,225
88,14,15
87,14,15
87,14,15
2370,492,541
5769,1315,1503
4989,1015,1257
4969,1015,1273
2155,434,561
7575,1373,1762
166,36,37
631,135,172
291,58,62
205,42,44
98,22,24
236,48,49
383,90,108
3235,624,787
34932,6182,7189
61060,10110,11819
51378,7836,9330
315,58,67
50026,8572,9682
55398,8552,10024
7101,1185,1375
29950,5319,6743
16687,2712,3248
6740,1172,1412
16450,2825,3359
24695,4169,4802
23666,3715,4457
2889,484,595
1382,284,303
121057,20366,23973
8675,1527,1630
118766,20219,23814
46590,7742,9304
1925,414,488
8364,1412,1593
61781,10503,12353
4949,868,1035
1508,261,300
4065,767,887
45601,7202,8126
10314,1941,2262
8225,1339,1629
7182,1090,1293
39200,6182,7259
40466,6797,7784
34848,5669,6314
6738,1451,1675
18926,3795,4295
15535,2631,3031
6821,1150,1311
793,155,174
20997,3317,3982
20298,3945,4711
28198,5274,6287
2379,466,544
11688,2372,2825
12226,1780,2201
3534,600,716
5404,1011,1189
78344,13580,16177
1876,408,458
94587,15802,18095
101474,17446,21076
7857,1184,1457
8065,1517,1840
39690,5561,6959
64148,11685,13476
5869,1075,1328
55902,9745,11325
12797,2138,2499
45861,7794,9138
463,85,104
424,86,96
230,41,43
170,38,40
239,46,55
52599,10681,12768
1456,330,395
142,26,26
321,71,72
375,72,77
85,16,16
254,43,43
198,42,47
319,56,56
168,31,32
279,56,62
242,48,48
125,25,25
184,38,41
125,25,25
115,23,26
131,27,27
91,18,18
246,42,49
91,18,18
205,38,42
223,35,41
70,8,11
89,16,16
90,16,17
89,16,16
90,16,17
89,16,16
125,19,22
85,16,16
226,51,55
333,80,81
335,80,81
119,23,23
87,16,17
919,181,230
285,58,62
297,58,62
470,94,112
630,115,150
343,70,73
369,72,77
163,29,29
108,17,20
137,24,25
382,61,77
518,83,105
425,77,86
614,159,170
339,57,66
347,57,68
260,51,57
359,75,95
693,128,151
115,22,23
114,22,23
114,22,23
122,24,25
91,16,16
387,75,80
56179,9064,10407
14076,2260,2546
66136,14317,16224
84927,14623,16839
195128,29751,33926
55895,9334,10385
9629,1411,1758
19248,3175,3673
21006,3710,4399
829,187,244
6125,1182,1466
9846,1991,2375
186,39,39
161,33,38
112,21,28
681,138,204
167,33,41
304,48,57
61,9,13
158,33,38
416,67,105
18321,3682,4199
6029,1289,1549
77209,13334,15389
18323,3352,3975
5407,908,1148
48573,8440,9591
179,45,48
428,84,103
6041,1030,1326
36061,6837,8326
4564,749,896
21504,4075,4678
4134,854,955
435,105,197
1138,210,250
12107,2291,2825
4347,795,1154
904,194,223
7152,1604,1769
5637,1014,1308
2494,420,535
1542,272,451
41462,7437,8469
4068,664,892
27992,4728,5688
34072,6036,7044
5547,952,1169
839,160,196
31434,6439,7867
366,71,75
15342,3091,3942
108436,20544,25204
314,76,93
229,26,47
469,74,97
480,78,83
424,87,101
2757,476,626
1934,340,446
5147,822,1129
12148,2542,3181
4875,969,1231
2307,381,417
394863,30937,32763
4262,543,590
8293,1114,1218
2751,545,674
2638,408,466
545,98,103
2200,368,393
15533,3084,3663
974,172,193
1215,214,274
2548,364,627
2751,471,517
991,196,216
718,148,175
11487,1768,2331
973,196,238
2765,474,524
1325,259,271
3253,443,474
32160,5472,6561
786,159,177
11763,2158,2683
8964,1056,1106
6159,844,1214
4958,1142,1255
817,143,183
6875,953,1019
4280,570,632
2724,409,449
972,163,203
596,143,157
9988,1393,1528
2504,393,472
1153,200,254
3886,566,657
716,152,185
1666,296,307
1411,299,331
8043,1022,1127
2956,470,594
2285,367,391
2345,379,403
1977,393,433
3730,503,530
2776,464,623
3282,609,733
3723,494,522
2270,337,355
317,47,54
1530,290,334
11030,1446,1555
2426,386,409
1202,255,279
589,104,121
2347,359,488
1167,232,251
709,167,173
711,118,130
11945,1567,1680
1264,177,239
3887,523,555
4901,605,632
6837,1222,1440
1373,337,366
6177,1041,1286
1759,297,311
2280,371,392
1774,337,380
5490,709,741
1326,230,240
6103,817,920
5022,651,669
10584,2008,2491
3852,542,582
4351,539,556
722,143,157
1823,413,433
1797,304,464
6028,658,696
4238,547,560
16749,1828,1945
4504,627,642
15071,1865,1941
2267,380,405
1431,302,333
934,156,177
604,127,134
10132,1415,1554
6493,1112,1296
2618,412,467
2515,393,447
1336,218,222
4581,835,986
2658,393,442
5209,673,708
1117,202,208
1961,377,435
2201,348,373
10725,1436,1483
1486,274,324
2603,383,416
3167,521,571
51969,6047,7565
5117,985,1170
42460,8154,9259
28494,3337,3593
1694,388,415
58296,5810,6227
1568,254,331
496,95,97
4466,804,964
5933,718,767
4229,959,1194
4809,786,959
2288,376,453
5306,962,1103
2164,386,444
2332,383,416
2097,349,373
4192,522,550
1720,291,371
2072,398,411
7651,1293,1559
6653,891,944
4154,567,593
2128,429,476
3409,428,432
2527,401,436
997,176,209
241,31,44
4118,739,861
35532,3925,4183
5427,694,731
196,37,51
10042,1407,1542
792,146,183
3889,516,535
3602,513,550
1545,283,288
2965,490,539
7548,1396,1508
2321,441,567
2005,349,395
6759,960,1068
5391,715,810
5704,820,847
21003,4017,4430
1167,217,300
1091,206,254
11457,2098,2387
2948,495,592
8848,1092,1178
1902,324,353
4405,575,612
1099,154,195
2256,362,386
2313,381,417
431,79,90
2076,346,370
1273,200,212
1476,281,316
4558,1094,1256
7344,896,972
1721,356,430
3452,666,739
4311,572,577
829,171,193
660,127,134
2023,341,351
3648,464,475
5809,951,1134
2338,383,416
944,160,191
1676,357,408
789,165,178
1006,194,220
5993,821,917
3312,598,676
76760,8252,8625
1926,349,416
2157,361,385
6849,960,1024
7400,1521,1908
19770,2041,2320
12287,2093,2367
2470,370,386
426,97,104
1131,224,252
2179,365,390
2787,567,656
5175,674,709
2182,435,474
1701,350,429
2370,435,500
2304,464,565
866,156,181
2538,399,433
2164,313,338
484,110,117
5487,1051,1256
2348,478,588
14598,1521,1723
4075,544,598
2045,341,365
628,108,130
805,147,154
3036,567,669
8993,1165,1264
13515,1741,1830
2092,449,545
2254,379,409
9842,1904,1978
11614,2128,2234
8706,1677,1743
10528,1915,2011
10017,1862,1943
11347,2013,2102
271,60,65
11068,2094,2167
11832,2185,2275
285,64,71
10103,1942,2028
11973,2201,2302
9087,1740,1818
10904,2006,2092
45,7,7
63,12,12
45,7,7
2492,508,526
268,58,63
12933,2436,2558
12158,2305,2410
11786,2208,2328
11204,2134,2223
234,48,51
234,48,51
8810,1709,1775
10642,1952,2026
9625,1878,1960
11469,2110,2202
8577,1664,1738
10401,1908,1990
853,149,195
2389,384,495
1738,299,384
5356,676,737
8736,1272,1376
11912,1598,1667
9715,1312,1350
9729,1378,1414
10561,1530,1575
6154,860,890
4607,628,649
442,87,91
12060,1600,1653
8248,1147,1185
7085,966,992
10206,1446,1504
9106,1140,1182
18481,2344,2549
14492,1836,2023
4481,606,662
5858,835,1020
1330,206,213
1634,257,274
1956,348,404
2324,325,342
1927,336,390
160,20,30
961,139,151
173,22,27
957,137,146
108,13,19
766,116,158
2323,382,404
3438,597,680
2798,482,530
8698,1227,1304
2422,397,414
14636,2102,2507
16786,2460,2900
1284,269,279
4856,603,617
5984,803,828
5646,695,714
4815,615,628
6086,762,791
4234,548,567
1573,294,357
1540,287,346
1421,263,320
8076,1080,1149
6280,726,745
6793,861,901
7347,952,1012
6348,779,808
1712,282,289
1931,323,414
4876,545,554
5323,570,585
4584,499,504
3902,521,536
1430,206,232
4710,647,703
5839,746,759
5839,746,758
2372,414,499
4360,576,616
5211,665,683
6723,852,887
7368,966,983
6081,780,801
4025,511,551
1225,192,225
5527,763,772
6087,780,803
6723,852,887
408,67,74
384,76,81
432,87,94
7880,983,999
1395,280,312
690,123,141
644,91,132
5436,800,819
6477,877,895
1032,203,221
1414,279,305
4514,573,597
576,106,114
5129,665,688
1525,266,297
8599,1265,1320
3904,514,533
4196,569,584
3827,495,536
3831,502,513
3985,534,547
4533,618,640
7440,1009,1064
8948,1206,1316
7682,1032,1101
1200,233,267
8279,1231,1300
1606,258,269
7095,991,1024
167,26,40
221,49,62
427,70,93
346,57,78
178,27,41
400,69,83
638,110,129
649,136,162
137,21,32
420,93,109
418,82,99
763,134,162
1171,189,201
545,103,117
1512,233,246
1192,195,206
1476,225,239
1853,300,317
4619,628,659
9446,1232,1310
8806,1109,1185
8267,1073,1147
7211,868,929
7883,958,1026
4110,737,814
1490,271,324
829,137,153
2961,442,460
8128,1014,1096
5307,734,745
934,185,202
8214,1082,1147
8024,1066,1130
527,108,117
4674,619,641
4655,632,640
4452,608,620
420,82,88
409,78,83
1537,248,258
548,96,115
290,54,60
270,46,52
1194,186,197
1014,166,180
1979,335,357
1622,265,271
1547,236,247
1185,176,182
545,96,112
1014,166,182
545,96,112
2208,351,369
23329,3162,3394
5446,736,772
6000,852,957
5226,684,714
5057,678,707
5584,801,838
5745,778,818
3852,520,538
4738,629,650
5381,694,733
4482,596,611
5159,737,801
4301,564,580
4971,671,697
5482,724,754
4380,585,601
4865,647,672
694,128,130
7985,1036,1061
7516,946,958
6927,1012,1052
6390,919,948
3081,484,513
2753,409,438
8566,904,963
6112,865,905
5456,707,743
5313,669,730
1931,307,330
6457,911,949
8557,974,996
7878,932,969
2652,358,382
7100,778,794
1913,275,297
5702,775,787
576,107,115
671,131,144
480,84,92
7533,884,931
2501,333,374
1623,256,268
4302,497,527
4256,501,506
5945,884,902
6276,884,900
11333,1904,1993
6755,942,963
1895,287,313
5808,711,739
8298,981,1006
8276,987,1005
6149,764,780
9511,909,936
1155,177,183
3675,547,614
2184,290,309
658,124,130
1172,177,190
5741,780,794
1173,177,188
1349,262,313
1431,296,354
9117,1089,1195
9656,1126,1232
6250,782,811
2558,363,369
6259,800,822
1911,274,289
1276,243,270
852,174,183
1278,256,273
5605,712,722
5796,725,737
5523,713,722
6113,756,774
6841,841,860
968,202,212
635,131,141
5431,747,766
5453,676,687
5213,652,660
5638,776,800
1040,182,235
691,136,152
2359,406,458
1252,232,284
6484,821,888
6538,892,968
6256,863,945
4496,468,479
3912,512,520
1319,252,283
968,195,226
155,25,34
1447,251,318
853,149,195
11393,2257,2768
6366,813,852
161,43,43
160,43,43
150,38,38
836,142,166
1151,174,264
180,44,47
905,152,202
798,132,182
356,77,79
612,134,156
917,153,158
673,119,120
1523,237,243
1348,230,236
646,117,119
479,113,114
786,146,151
574,112,113
618,94,119
451,88,94
486,92,98
528,95,125
1112,208,256
686,143,171
795,161,191
518,93,120
271,54,54
447,85,101
414,91,93
330,69,71
254,61,62
331,62,67
368,82,85
330,77,78
768,172,238
314,74,75
309,71,72
542,110,112
261,63,64
175,38,42
276,65,66
281,69,71
304,73,74
239,57,58
276,67,68
210,44,47
192,46,49
498,98,99
335,77,80
622,116,118
189,45,47
298,57,62
224,50,52
337,78,79
294,67,68
227,51,54
290,71,72
434,92,93
309,72,73
301,69,70
475,104,109
468,101,106
154,31,33
520,110,123
364,77,78
369,80,81
455,99,100
371,81,82
248,46,53
771,174,220
802,186,237
154,36,37
693,146,165
161,34,37
936,186,219
274,62,68
303,55,67
343,63,78
343,61,73
383,69,84
519,98,121
643,138,161
683,144,167
283,66,75
255,57,65
569,95,127
1760,380,441
2586,532,644
1768,379,442
2567,526,640
426,90,109
365,83,85
323,76,84
681,142,143
350,74,81
524,119,120
625,134,135
457,98,98
317,66,71
386,76,81
424,85,119
365,67,78
816,189,198
352,72,97
816,189,198
469,109,113
537,123,127
318,64,73
595,155,161
373,76,101
431,81,92
381,75,100
241,47,68
317,60,70
397,102,102
317,73,73
311,69,69
331,78,78
298,73,73
332,80,80
265,63,64
280,68,68
375,87,87
447,110,110
268,63,64
311,70,70
2243,473,587
5717,286,1694
228,44,46
267,52,57
268,50,52
307,58,63
892,175,208
424,77,90
352,66,76
392,74,87
392,72,82
377,70,83
432,80,93
546,109,132
138,29,30
143,31,32
156,33,34
193,44,52
236,53,56
173,39,39
223,47,47
371,79,83
421,87,91
952,212,226
470,101,104
282,60,63
505,106,109
786,186,198
322,66,69
888,205,219
826,191,203
583,124,137
957,189,216
647,140,149
655,144,153
510,92,113
697,130,154
292,52,69
735,154,178
657,124,148
775,160,184
443,82,103
99,18,20
404,92,96
447,98,107
624,136,147
937,185,212
696,149,169
521,86,112
607,134,143
504,81,100
544,87,106
691,128,146
454,100,104
633,132,145
289,56,63
746,157,177
731,134,152
603,134,143
455,74,98
664,142,153
329,62,69
474,79,94
354,75,91
643,140,141
550,116,117
409,86,87
369,80,81
546,125,126
446,96,97
603,134,135
579,130,131
504,109,110
430,75,92
309,69,75
222,53,56
550,104,130
99,20,21
97,20,20
82,16,16
105,22,22
182,38,38
103,22,22
646,148,163
686,154,169
199,36,40
451,86,100
228,48,50
237,43,48
186,32,38
202,39,45
319,56,67
197,36,38
217,40,46
352,70,71
220,39,43
491,88,95
394,78,81
360,74,84
215,37,42
976,175,203
935,143,165
1015,180,208
1051,189,214
974,148,170
281,52,58
521,99,115
409,77,87
552,106,123
147,26,32
1011,195,222
407,87,95
1143,221,294
1175,209,279
422,93,103
462,101,114
443,97,107
483,105,118
459,86,104
80,18,19
144,28,36
127,29,31
51,13,14
135,33,44
131,32,38
99,23,28
162,32,38
172,36,42
124,28,35
461,129,150
119,25,32
145,28,33
170,39,45
205,44,50
117,25,25
111,24,24
928,157,188
626,104,112
299,64,68
404,79,84
920,163,189
626,119,153
230,48,55
737,145,154
159,30,35
494,101,109
730,151,161
493,85,99
1066,203,241
914,181,194
275,54,54
506,109,119
1363,258,312
221,50,52
182,41,46
228,44,53
217,46,51
186,45,47
261,49,58
1333,241,309
419,72,93
412,73,87
235,35,53
267,48,58
183,29,40
445,76,90
159,25,36
515,90,113
451,79,93
235,35,53
406,70,84
159,25,36
515,90,113
506,105,107
596,122,126
669,144,154
837,162,165
1478,330,355
1528,338,363
360,70,74
407,77,85
124,24,24
252,52,52
112,24,26
360,70,87
122,26,29
189,43,45
208,49,51
437,95,103
405,91,96
1432,262,296
2798,527,609
2549,461,533
2855,536,618
334,65,68
757,142,150
1187,241,266
528,111,123
1163,245,270
1866,373,431
118,25,26
238,45,47
1113,237,262
1866,373,431
145,33,34
173,37,44
223,63,70
391,85,99
523,116,117
563,122,123
231,39,47
279,51,67
230,43,55
269,67,72
192,43,48
250,60,66
219,53,54
436,96,101
374,83,86
344,68,73
272,61,66
205,41,47
221,45,55
201,41,47
856,204,219
1009,232,261
724,118,141
788,129,152
321,57,60
4300,723,1045
2517,432,512
5509,948,1360
5418,933,1343
1116,154,219
269,49,54
711,129,142
4200,706,1028
1172,163,228
309,55,60
361,63,66
2433,418,498
761,137,150
231,44,45
1041,164,187
180,41,47
797,149,165
167,30,38
293,50,52
661,143,144
148,30,30
9484,1791,2286
2333,610,778
9281,1445,1976
2801,570,719
6242,1122,1515
4549,856,1081
2245,420,556
1023,227,299
32390,5801,7835
3311,614,757
24119,3692,5270
16939,3111,4135
1311,261,299
12947,2080,2922
6667,1145,1565
1637,347,415
1893,401,450
1934,402,457
1995,402,476
1900,396,448
1911,403,455
902,187,218
1950,403,474
1902,403,452
1916,407,460
1807,349,427
1036,209,251
1047,210,253
974,195,233
984,197,237
1028,207,249
1193,239,284
1083,217,258
1083,217,258
1171,239,280
1117,225,265
1175,240,280
1322,270,320
5321,944,1055
69596,11336,11818
4341,794,912
222,30,39
1275,185,241
7453,1255,1414
4144,792,899
142,24,28
76,10,19
37,8,8
1081,167,197
438,88,94
1820,313,361
7083,1369,1569
26205,4352,4571
183785,27035,28282
11713,1844,2249
454,99,116
54,10,10
255578,37071,41342
69,10,15
66,10,10
1489,242,330
2095,225,417
17601,2918,3613
7323,1117,1441
79,12,17
79,12,18
58,8,8
637,116,146
109,15,27
115,15,22
107,20,28
39180,5906,7404
8092,1366,1844
153,36,58
29347,3908,4972
12425,2292,2816
14608,3029,3610
9756,1550,1682
3136,447,512
261,42,55
881,105,156
141,19,24
13410,2049,2280
24178,3685,4036
3114,657,791
750,132,179
4541,815,937
9406,1672,1959
7336,1349,1589
30,7,7
2414,420,552
2072,272,397
10134,1834,2174
6070,1147,1348
2377,488,554
18261,3374,3769
6971,1335,1453
65472,10989,12922
36836,7090,8166
14969,2640,3290
13219,2453,2697
24628,4715,5321
27017,4530,5287
30633,5356,6071
39495,6830,7861
5583,1230,1304
7644,1627,1773
9281,1979,2219
3317,584,786
8741,1982,2358
480,84,101
1902,364,466
7744,1650,2114
4864,864,1010
20298,3939,4718
31287,6131,7291
3335,567,668
11218,2056,2407
712,145,157
6827,1194,1446
1093,214,254
54251,11060,12992
7058,1374,1626
2529,458,542
10563,2087,2509
784,125,145
1998,437,519
15403,2884,3574
8436,1519,1789
6696,1168,1387
2546,502,607
647,131,151
589,111,123
2532,594,673
73,17,17
169,36,39
67,16,20
52,10,12
73,13,15
55,10,10
47,10,10
104,23,23
36,8,8
256,54,62
327,54,57
366,66,70
3305,688,783
3296,582,646
1406,273,306
1317,254,309
2070,405,442
298,52,56
2503,572,632
616,116,143
1454,300,347
727,182,197
216,44,47
91,18,20
429,116,122
102,16,27
1024,185,248
484,120,137
954,244,252
3386,687,967
