token,count,frequency
-,46282,0.058717034943245615
from,17973,0.02280198066278366
for,21261,0.026973399592246337
s,14799,0.01877519122175126
def,29660,0.03762904058633302
return,13994,0.017753904044677825
2,23268,0.029519639796453025
_,23521,0.02984061576639039
import,20546,0.026066293590249433
,26839,0.034050095087545244
""":",47229,0.05991847464099535
"""",112862,0.14318573090541867
/,19107,0.024240663468747977
the,51794,0.06570999757682174
=,165422,0.209867537150114
:,76758,0.09738131818360586
and,16634,0.021103218513589463
""")",14211,0.018029207544584577
',14017,0.017783083678308494
self,32044,0.04065357304613808
