token_1,token_2,cosine_similarity
-,from,1.0
-,for,1.0
-,s,1.0
-,def,1.0
-,return,1.0
-,2,1.0
-,_,1.0
-,import,1.0
-,,1.0
-,""":",1.0
-,"""",1.0
-,/,1.0
-,the,1.0
-,=,1.0
-,:,1.0
-,and,1.0
-,""")",1.0
-,',1.0
-,self,1.0
from,for,1.0
from,s,1.0
from,def,1.0
from,return,1.0
from,2,1.0
from,_,1.0
from,import,1.0
from,,1.0
from,""":",1.0
from,"""",1.0
from,/,1.0
from,the,1.0
from,=,1.0
from,:,1.0
from,and,1.0
from,""")",1.0
from,',1.0
from,self,1.0
for,s,1.0
for,def,1.0
for,return,1.0
for,2,1.0
for,_,1.0
for,import,1.0
for,,1.0
for,""":",1.0
for,"""",1.0
for,/,1.0
for,the,1.0
for,=,1.0
for,:,1.0
for,and,1.0
for,""")",1.0
for,',1.0
for,self,1.0
s,def,1.0
s,return,1.0
s,2,1.0
s,_,1.0
s,import,1.0
s,,1.0
s,""":",1.0
s,"""",1.0
s,/,1.0
s,the,1.0
s,=,1.0
s,:,1.0
s,and,1.0
s,""")",1.0
s,',1.0
s,self,1.0
def,return,1.0
def,2,1.0
def,_,1.0
def,import,1.0
def,,1.0
def,""":",1.0
def,"""",1.0
def,/,1.0
def,the,1.0
def,=,1.0
def,:,1.0
def,and,1.0
def,""")",1.0
def,',1.0
def,self,1.0
return,2,1.0
return,_,1.0
return,import,1.0
return,,1.0
return,""":",1.0
return,"""",1.0
return,/,1.0
return,the,1.0
return,=,1.0
return,:,1.0
return,and,1.0
return,""")",1.0
return,',1.0
return,self,1.0
2,_,1.0
2,import,1.0
2,,1.0
2,""":",1.0
2,"""",1.0
2,/,1.0
2,the,1.0
2,=,1.0
2,:,1.0
2,and,1.0
2,""")",1.0
2,',1.0
2,self,1.0
_,import,1.0
_,,1.0
_,""":",1.0
_,"""",1.0
_,/,1.0
_,the,1.0
_,=,1.0
_,:,1.0
_,and,1.0
_,""")",1.0
_,',1.0
_,self,1.0
import,,1.0
import,""":",1.0
import,"""",1.0
import,/,1.0
import,the,1.0
import,=,1.0
import,:,1.0
import,and,1.0
import,""")",1.0
import,',1.0
import,self,1.0
,""":",1.0
,"""",1.0
,/,1.0
,the,1.0
,=,1.0
,:,1.0
,and,1.0
,""")",1.0
,',1.0
,self,1.0
""":","""",1.0
""":",/,1.0
""":",the,1.0
""":",=,1.0
""":",:,1.0
""":",and,1.0
""":",""")",1.0
""":",',1.0
""":",self,1.0
"""",/,1.0
"""",the,1.0
"""",=,1.0
"""",:,1.0
"""",and,1.0
"""",""")",1.0
"""",',1.0
"""",self,1.0
/,the,1.0
/,=,1.0
/,:,1.0
/,and,1.0
/,""")",1.0
/,',1.0
/,self,1.0
the,=,1.0
the,:,1.0
the,and,1.0
the,""")",1.0
the,',1.0
the,self,1.0
=,:,1.0
=,and,1.0
=,""")",1.0
=,',1.0
=,self,1.0
:,and,1.0
:,""")",1.0
:,',1.0
:,self,1.0
and,""")",1.0
and,',1.0
and,self,1.0
""")",',1.0
""")",self,1.0
',self,1.0
