token,of,,is,):,in,`,to,_,2,a,def,np,assert,for,if,import,{,"""""""",],==
of,1,0,0,0,0,0,0,0,0,0,0,0,0,0,0,0,0,0,0,0
,0,1,0,0,0,0,0,0,0,0,0,0,0,0,0,0,0,0,0,0
is,0,0,1,0,0,0,0,0,0,0,0,0,0,0,0,0,0,0,0,0
):,0,0,0,1,0,0,0,0,0,0,0,0,0,0,0,0,0,0,0,0
in,0,0,0,0,1,0,0,0,0,0,0,0,0,0,0,0,0,0,0,0
`,0,0,0,0,0,1,0,0,0,0,0,0,0,0,0,0,0,0,0,0
to,0,0,0,0,0,0,1,0,0,0,0,0,0,0,0,0,0,0,0,0
_,0,0,0,0,0,0,0,1,0,0,0,0,0,0,0,0,0,0,0,0
2,0,0,0,0,0,0,0,0,1,0,0,0,0,0,0,0,0,0,0,0
a,0,0,0,0,0,0,0,0,0,1,0,0,0,0,0,0,0,0,0,0
def,0,0,0,0,0,0,0,0,0,0,1,0,0,0,0,0,0,0,0,0
np,0,0,0,0,0,0,0,0,0,0,0,1,0,0,0,0,0,0,0,0
assert,0,0,0,0,0,0,0,0,0,0,0,0,1,0,0,0,0,0,0,0
for,0,0,0,0,0,0,0,0,0,0,0,0,0,1,0,0,0,0,0,0
if,0,0,0,0,0,0,0,0,0,0,0,0,0,0,1,0,0,0,0,0
import,0,0,0,0,0,0,0,0,0,0,0,0,0,0,0,1,0,0,0,0
{,0,0,0,0,0,0,0,0,0,0,0,0,0,0,0,0,1,0,0,0
"""""""",0,0,0,0,0,0,0,0,0,0,0,0,0,0,0,0,0,1,0,0
],0,0,0,0,0,0,0,0,0,0,0,0,0,0,0,0,0,0,1,0
==,0,0,0,0,0,0,0,0,0,0,0,0,0,0,0,0,0,0,0,1
